{"cameraMode":{"drawMode":0,"name":"Shaded","section":"Shading Mode"},"sceneLighting":true,"audioPlay":false,"sceneViewState":{"showFog":false,"showMaterialUpdate":false,"showSkybox":false,"showFlares":false,"showImageEffects":false,"showParticleSystems":false},"in2DMode":false,"pivot":{"x":47.804039001464847,"y":-114.64143371582031,"z":-66.83889770507813},"rotation":{"x":-0.07834134250879288,"y":0.8997520208358765,"z":-0.38925299048423769,"w":-0.1810830682516098},"size":337.19683837890627,"orthographic":false}