{"cameraMode":{"drawMode":0,"name":"Shaded","section":"Shading Mode"},"sceneLighting":true,"audioPlay":false,"sceneViewState":{"showFog":false,"showMaterialUpdate":false,"showSkybox":false,"showFlares":false,"showImageEffects":false,"showParticleSystems":false},"in2DMode":false,"pivot":{"x":381.2489318847656,"y":8.2401123046875,"z":708.3954467773438},"rotation":{"x":-0.09016856551170349,"y":0.020917478948831559,"z":-0.0018940804293379188,"w":-0.9957051277160645},"size":1357.7056884765625,"orthographic":false}