{"cameraMode":{"drawMode":0,"name":"Shaded","section":"Shading Mode"},"sceneLighting":false,"audioPlay":false,"sceneViewState":{"showFog":false,"showMaterialUpdate":false,"showSkybox":false,"showFlares":false,"showImageEffects":false,"showParticleSystems":false},"in2DMode":false,"pivot":{"x":290.5636901855469,"y":19.45873260498047,"z":132.0765380859375},"rotation":{"x":-0.26665809750556948,"y":-0.5327998995780945,"z":0.18160611391067506,"w":-0.7823279500007629},"size":128.6053466796875,"orthographic":false}