{"cameraMode":{"drawMode":0,"name":"Shaded","section":"Shading Mode"},"sceneLighting":true,"audioPlay":false,"sceneViewState":{"showFog":false,"showMaterialUpdate":false,"showSkybox":false,"showFlares":false,"showImageEffects":false,"showParticleSystems":false},"in2DMode":false,"pivot":{"x":147.37384033203126,"y":83.88894653320313,"z":15.38690185546875},"rotation":{"x":0.23498918116092683,"y":-0.028277520090341569,"z":0.006839420646429062,"w":0.9715625643730164},"size":337.1260681152344,"orthographic":false}