{"cameraMode":{"drawMode":0,"name":"Shaded","section":"Shading Mode"},"sceneLighting":true,"audioPlay":false,"sceneViewState":{"showFog":false,"showMaterialUpdate":false,"showSkybox":false,"showFlares":false,"showImageEffects":false,"showParticleSystems":false},"in2DMode":false,"pivot":{"x":159.16525268554688,"y":69.47232055664063,"z":-0.1376495361328125},"rotation":{"x":-0.12981845438480378,"y":0.002083393046632409,"z":-0.00023057266662362963,"w":-0.9915356040000916},"size":144.0221405029297,"orthographic":true}