{"cameraMode":{"drawMode":0,"name":"Shaded","section":"Shading Mode"},"sceneLighting":true,"audioPlay":false,"sceneViewState":{"showFog":false,"showMaterialUpdate":false,"showSkybox":false,"showFlares":false,"showImageEffects":false,"showParticleSystems":false},"in2DMode":false,"pivot":{"x":132.69503784179688,"y":70.25794982910156,"z":12.2574462890625},"rotation":{"x":0.09491587430238724,"y":-0.159657821059227,"z":0.015424394980072976,"w":0.9824777245521545},"size":353.29315185546877,"orthographic":false}