{"cameraMode":{"drawMode":0,"name":"Shaded","section":"Shading Mode"},"sceneLighting":false,"audioPlay":false,"sceneViewState":{"showFog":false,"showMaterialUpdate":false,"showSkybox":false,"showFlares":false,"showImageEffects":false,"showParticleSystems":false},"in2DMode":false,"pivot":{"x":215.6814422607422,"y":30.797191619873048,"z":156.14720153808595},"rotation":{"x":-0.15988756716251374,"y":-0.7924744486808777,"z":0.2347605973482132,"w":-0.5397292375564575},"size":110.76338195800781,"orthographic":false}