{"cameraMode":{"drawMode":0,"name":"Shaded","section":"Shading Mode"},"sceneLighting":false,"audioPlay":false,"sceneViewState":{"showFog":false,"showMaterialUpdate":false,"showSkybox":false,"showFlares":false,"showImageEffects":false,"showParticleSystems":false},"in2DMode":false,"pivot":{"x":18.10814666748047,"y":-7.3986921310424809,"z":120.1940689086914},"rotation":{"x":-0.055614788085222247,"y":0.7011278867721558,"z":-0.055018071085214618,"w":-0.7087311148643494},"size":75.57957458496094,"orthographic":false}