{"cameraMode":{"drawMode":0,"name":"Shaded","section":"Shading Mode"},"sceneLighting":true,"audioPlay":false,"sceneViewState":{"showFog":false,"showMaterialUpdate":false,"showSkybox":false,"showFlares":false,"showImageEffects":false,"showParticleSystems":false},"in2DMode":false,"pivot":{"x":5.726566314697266,"y":56.16946792602539,"z":27.3960018157959},"rotation":{"x":-0.08595436811447144,"y":0.6416448950767517,"z":-0.07269322872161865,"w":-0.7586959004402161},"size":52.426090240478519,"orthographic":false}