{"cameraMode":{"drawMode":0,"name":"Shaded","section":"Shading Mode"},"sceneLighting":true,"audioPlay":false,"sceneViewState":{"showFog":false,"showMaterialUpdate":false,"showSkybox":false,"showFlares":false,"showImageEffects":false,"showParticleSystems":false},"in2DMode":false,"pivot":{"x":3.9896812438964845,"y":38.56480407714844,"z":4.059294700622559},"rotation":{"x":0.07344242185354233,"y":-0.6846625208854675,"z":0.06965941190719605,"w":0.7217971682548523},"size":262.9248046875,"orthographic":true}