{"cameraMode":{"drawMode":0,"name":"Shaded","section":"Shading Mode"},"sceneLighting":true,"audioPlay":false,"sceneViewState":{"showFog":false,"showMaterialUpdate":false,"showSkybox":false,"showFlares":false,"showImageEffects":false,"showParticleSystems":false},"in2DMode":false,"pivot":{"x":368.3695373535156,"y":151.93032836914063,"z":-77.533203125},"rotation":{"x":-0.001642390969209373,"y":-0.9960397481918335,"z":0.08687587082386017,"w":-0.01883411593735218},"size":377.9918518066406,"orthographic":false}