{"cameraMode":{"drawMode":0,"name":"Shaded","section":"Shading Mode"},"sceneLighting":false,"audioPlay":false,"sceneViewState":{"showFog":false,"showMaterialUpdate":false,"showSkybox":false,"showFlares":false,"showImageEffects":false,"showParticleSystems":false},"in2DMode":false,"pivot":{"x":238.08651733398438,"y":17.80899429321289,"z":170.85733032226563},"rotation":{"x":-0.2066136598587036,"y":0.059261687099933627,"z":-0.012537960894405842,"w":-0.9765458106994629},"size":132.08740234375,"orthographic":false}