{"cameraMode":{"drawMode":0,"name":"Shaded","section":"Shading Mode"},"sceneLighting":true,"audioPlay":false,"sceneViewState":{"showFog":false,"showMaterialUpdate":false,"showSkybox":false,"showFlares":false,"showImageEffects":false,"showParticleSystems":false},"in2DMode":false,"pivot":{"x":152.21192932128907,"y":141.25186157226563,"z":187.4886474609375},"rotation":{"x":0.2820049524307251,"y":-0.010073745623230935,"z":0.0029607173055410387,"w":0.9593554735183716},"size":713.2835693359375,"orthographic":false}