{"cameraMode":{"drawMode":0,"name":"Shaded","section":"Shading Mode"},"sceneLighting":true,"audioPlay":false,"sceneViewState":{"showFog":false,"showMaterialUpdate":false,"showSkybox":false,"showFlares":false,"showImageEffects":false,"showParticleSystems":false},"in2DMode":false,"pivot":{"x":386.01849365234377,"y":207.55853271484376,"z":1308.6614990234375},"rotation":{"x":0.020687557756900789,"y":-0.007493192795664072,"z":-0.0001550002780277282,"w":-0.9997578859329224},"size":1634.95703125,"orthographic":false}