{"cameraMode":{"drawMode":0,"name":"Shaded","section":"Shading Mode"},"sceneLighting":true,"audioPlay":false,"sceneViewState":{"showFog":false,"showMaterialUpdate":false,"showSkybox":false,"showFlares":false,"showImageEffects":false,"showParticleSystems":false},"in2DMode":false,"pivot":{"x":15.153976440429688,"y":67.91048431396485,"z":0.6812019348144531},"rotation":{"x":-0.03337112069129944,"y":-0.669908344745636,"z":-0.030166245996952058,"w":0.7410798072814941},"size":204.99337768554688,"orthographic":false}