{"cameraMode":{"drawMode":0,"name":"Shaded","section":"Shading Mode"},"sceneLighting":false,"audioPlay":false,"sceneViewState":{"showFog":false,"showMaterialUpdate":false,"showSkybox":false,"showFlares":false,"showImageEffects":false,"showParticleSystems":false},"in2DMode":false,"pivot":{"x":122.4999771118164,"y":156.10000610351563,"z":323.50006103515627},"rotation":{"x":-0.19684003293514253,"y":-0.04116005823016167,"z":0.008271241560578347,"w":-0.9795364141464233},"size":2.8578836917877199,"orthographic":false}