{"cameraMode":{"drawMode":0,"name":"Shaded","section":"Shading Mode"},"sceneLighting":true,"audioPlay":false,"sceneViewState":{"showFog":false,"showMaterialUpdate":false,"showSkybox":false,"showFlares":false,"showImageEffects":false,"showParticleSystems":false},"in2DMode":false,"pivot":{"x":135.46578979492188,"y":51.25642395019531,"z":116.3201904296875},"rotation":{"x":0.3120781183242798,"y":-0.09102005511522293,"z":0.03005172498524189,"w":0.945208728313446},"size":296.09368896484377,"orthographic":false}