{"cameraMode":{"drawMode":0,"name":"Shaded","section":"Shading Mode"},"sceneLighting":true,"audioPlay":false,"sceneViewState":{"showFog":false,"showMaterialUpdate":false,"showSkybox":false,"showFlares":false,"showImageEffects":false,"showParticleSystems":false},"in2DMode":false,"pivot":{"x":86.86393737792969,"y":-2.32537841796875,"z":442.15240478515627},"rotation":{"x":-0.0647570788860321,"y":0.014658905565738678,"z":-0.0009506346541456878,"w":-0.9977929592132568},"size":522.5960083007813,"orthographic":false}