{"cameraMode":{"drawMode":0,"name":"Shaded","section":"Shading Mode"},"sceneLighting":true,"audioPlay":false,"sceneViewState":{"showFog":false,"showMaterialUpdate":false,"showSkybox":false,"showFlares":false,"showImageEffects":false,"showParticleSystems":false},"in2DMode":false,"pivot":{"x":253.2447509765625,"y":39.495418548583987,"z":125.6549072265625},"rotation":{"x":-0.22308984398841859,"y":0.012275684624910355,"z":-0.002808248857036233,"w":-0.9747166037559509},"size":56.01021194458008,"orthographic":true}