{"cameraMode":{"drawMode":0,"name":"Shaded","section":"Shading Mode"},"sceneLighting":true,"audioPlay":false,"sceneViewState":{"showFog":true,"showMaterialUpdate":false,"showSkybox":true,"showFlares":true,"showImageEffects":true,"showParticleSystems":true},"in2DMode":false,"pivot":{"x":68.3953857421875,"y":26.643280029296876,"z":284.89227294921877},"rotation":{"x":0.2164238542318344,"y":-0.5529220104217529,"z":0.15142540633678437,"w":0.7902584075927734},"size":409.16845703125,"orthographic":false}