{"cameraMode":{"drawMode":0,"name":"Shaded","section":"Shading Mode"},"sceneLighting":true,"audioPlay":false,"sceneViewState":{"showFog":false,"showMaterialUpdate":false,"showSkybox":false,"showFlares":false,"showImageEffects":false,"showParticleSystems":false},"in2DMode":false,"pivot":{"x":109.25176239013672,"y":98.06121826171875,"z":164.10147094726563},"rotation":{"x":0.04371890053153038,"y":-0.05900653079152107,"z":0.002586626447737217,"w":0.9972964525222778},"size":463.7137756347656,"orthographic":false}