{"cameraMode":{"drawMode":0,"name":"Shaded","section":"Shading Mode"},"sceneLighting":true,"audioPlay":false,"sceneViewState":{"showFog":false,"showMaterialUpdate":false,"showSkybox":false,"showFlares":false,"showImageEffects":false,"showParticleSystems":false},"in2DMode":false,"pivot":{"x":209.06524658203126,"y":70.25971984863281,"z":191.95172119140626},"rotation":{"x":-0.12797772884368897,"y":-0.8549408316612244,"z":0.4353581368923187,"w":-0.25131890177726748},"size":105.55355072021485,"orthographic":false}