{"cameraMode":{"drawMode":0,"name":"Shaded","section":"Shading Mode"},"sceneLighting":false,"audioPlay":false,"sceneViewState":{"showFog":false,"showMaterialUpdate":false,"showSkybox":false,"showFlares":false,"showImageEffects":false,"showParticleSystems":false},"in2DMode":false,"pivot":{"x":9.062042236328125,"y":49.8628044128418,"z":147.62777709960938},"rotation":{"x":-0.0787167102098465,"y":0.7423717975616455,"z":-0.08861885964870453,"w":-0.6594198942184448},"size":151.09144592285157,"orthographic":false}