{"cameraMode":{"drawMode":0,"name":"Shaded","section":"Shading Mode"},"sceneLighting":false,"audioPlay":false,"sceneViewState":{"showFog":false,"showMaterialUpdate":false,"showSkybox":false,"showFlares":false,"showImageEffects":false,"showParticleSystems":false},"in2DMode":false,"pivot":{"x":-83.00154113769531,"y":57.377662658691409,"z":-23.75287628173828},"rotation":{"x":0.06916332244873047,"y":0.9061629772186279,"z":-0.3839860260486603,"w":0.16321741044521333},"size":383.9158935546875,"orthographic":false}