{"cameraMode":{"drawMode":0,"name":"Shaded","section":"Shading Mode"},"sceneLighting":false,"audioPlay":false,"sceneViewState":{"showFog":false,"showMaterialUpdate":false,"showSkybox":false,"showFlares":false,"showImageEffects":false,"showParticleSystems":false},"in2DMode":false,"pivot":{"x":49.631813049316409,"y":45.133155822753909,"z":127.32730102539063},"rotation":{"x":-0.0787167102098465,"y":0.7423717975616455,"z":-0.08861885964870453,"w":-0.6594198942184448},"size":265.1485595703125,"orthographic":false}