{"cameraMode":{"drawMode":0,"name":"Shaded","section":"Shading Mode"},"sceneLighting":true,"audioPlay":false,"sceneViewState":{"showFog":false,"showMaterialUpdate":false,"showSkybox":false,"showFlares":false,"showImageEffects":false,"showParticleSystems":false},"in2DMode":false,"pivot":{"x":-38.37544250488281,"y":-85114.9765625,"z":119.31684112548828},"rotation":{"x":0.6081464290618897,"y":-0.09068243205547333,"z":-0.07015559077262879,"w":-0.7855016589164734},"size":279.7678527832031,"orthographic":true}