{"cameraMode":{"drawMode":0,"name":"Shaded","section":"Shading Mode"},"sceneLighting":true,"audioPlay":false,"sceneViewState":{"showFog":false,"showMaterialUpdate":false,"showSkybox":false,"showFlares":false,"showImageEffects":false,"showParticleSystems":false},"in2DMode":false,"pivot":{"x":245.59841918945313,"y":36.770938873291019,"z":128.31964111328126},"rotation":{"x":0.3614084720611572,"y":0.25123363733291628,"z":-0.10177619755268097,"w":0.8921363353729248},"size":89.24494934082031,"orthographic":false}