{"cameraMode":{"drawMode":0,"name":"Shaded","section":"Shading Mode"},"sceneLighting":true,"audioPlay":false,"sceneViewState":{"showFog":false,"showMaterialUpdate":false,"showSkybox":false,"showFlares":false,"showImageEffects":false,"showParticleSystems":false},"in2DMode":false,"pivot":{"x":52.204681396484378,"y":760.96630859375,"z":-1022.4227294921875},"rotation":{"x":-0.26645150780677798,"y":-0.044227927923202518,"z":0.012241796590387822,"w":-0.9627552628517151},"size":306.5248718261719,"orthographic":true}