{"cameraMode":{"drawMode":0,"name":"Shaded","section":"Shading Mode"},"sceneLighting":false,"audioPlay":false,"sceneViewState":{"showFog":false,"showMaterialUpdate":false,"showSkybox":false,"showFlares":false,"showImageEffects":false,"showParticleSystems":false},"in2DMode":false,"pivot":{"x":-7.102771759033203,"y":9.336570739746094,"z":147.00144958496095},"rotation":{"x":-0.015332459472119809,"y":-0.9540491104125977,"z":0.29512447118759158,"w":-0.049565475434064868},"size":248.5803680419922,"orthographic":false}