{"cameraMode":{"drawMode":0,"name":"Shaded","section":"Shading Mode"},"sceneLighting":false,"audioPlay":false,"sceneViewState":{"showFog":false,"showMaterialUpdate":false,"showSkybox":false,"showFlares":false,"showImageEffects":false,"showParticleSystems":false},"in2DMode":false,"pivot":{"x":1.801666259765625,"y":-30.4495849609375,"z":118.13639068603516},"rotation":{"x":-0.31909120082855227,"y":0.34278249740600588,"z":-0.12505227327346803,"w":-0.8746673464775086},"size":258.4256591796875,"orthographic":false}