{"cameraMode":{"drawMode":0,"name":"Shaded","section":"Shading Mode"},"sceneLighting":true,"audioPlay":false,"sceneViewState":{"showFog":false,"showMaterialUpdate":false,"showSkybox":false,"showFlares":false,"showImageEffects":false,"showParticleSystems":false},"in2DMode":false,"pivot":{"x":497.1401672363281,"y":173.1087646484375,"z":221.72161865234376},"rotation":{"x":0.17621970176696778,"y":0.04221704229712486,"z":-0.007565029431134462,"w":0.9834160804748535},"size":953.5210571289063,"orthographic":false}