{"cameraMode":{"drawMode":0,"name":"Shaded","section":"Shading Mode"},"sceneLighting":false,"audioPlay":false,"sceneViewState":{"showFog":false,"showMaterialUpdate":false,"showSkybox":false,"showFlares":false,"showImageEffects":false,"showParticleSystems":false},"in2DMode":false,"pivot":{"x":47.33850860595703,"y":17.784339904785158,"z":-5.7501983642578129},"rotation":{"x":-0.1228596642613411,"y":-0.8612532615661621,"z":0.24841302633285523,"w":-0.425957053899765},"size":106.24526977539063,"orthographic":false}