{"cameraMode":{"drawMode":0,"name":"Shaded","section":"Shading Mode"},"sceneLighting":true,"audioPlay":false,"sceneViewState":{"showFog":false,"showMaterialUpdate":false,"showSkybox":false,"showFlares":false,"showImageEffects":false,"showParticleSystems":false},"in2DMode":false,"pivot":{"x":115.15743255615235,"y":38.25815963745117,"z":282.6285400390625},"rotation":{"x":0.08243340253829956,"y":-0.01074505690485239,"z":0.0008893793565221131,"w":0.9965382814407349},"size":335.2637023925781,"orthographic":false}