{"cameraMode":{"drawMode":0,"name":"Shaded","section":"Shading Mode"},"sceneLighting":true,"audioPlay":false,"sceneViewState":{"showFog":false,"showMaterialUpdate":false,"showSkybox":false,"showFlares":false,"showImageEffects":false,"showParticleSystems":false},"in2DMode":false,"pivot":{"x":272.4825439453125,"y":191.07394409179688,"z":1345.888427734375},"rotation":{"x":-0.15718363225460053,"y":0.7158587574958801,"z":-0.17087113857269288,"w":-0.658515453338623},"size":1115.7459716796875,"orthographic":false}