{"cameraMode":{"drawMode":0,"name":"Shaded","section":"Shading Mode"},"sceneLighting":false,"audioPlay":false,"sceneViewState":{"showFog":false,"showMaterialUpdate":false,"showSkybox":false,"showFlares":false,"showImageEffects":false,"showParticleSystems":false},"in2DMode":false,"pivot":{"x":60.469139099121097,"y":59.77885437011719,"z":129.70863342285157},"rotation":{"x":-0.24323205649852754,"y":0.2954033315181732,"z":-0.07804950326681137,"w":-0.9205886125564575},"size":49.498287200927737,"orthographic":false}