{"cameraMode":{"drawMode":0,"name":"Shaded","section":"Shading Mode"},"sceneLighting":false,"audioPlay":false,"sceneViewState":{"showFog":false,"showMaterialUpdate":false,"showSkybox":false,"showFlares":false,"showImageEffects":false,"showParticleSystems":false},"in2DMode":false,"pivot":{"x":253.2447509765625,"y":39.495418548583987,"z":116.57270050048828},"rotation":{"x":0.3398362100124359,"y":-0.1478232890367508,"z":0.05417925864458084,"w":0.927213191986084},"size":279.31439208984377,"orthographic":false}