{"cameraMode":{"drawMode":0,"name":"Shaded","section":"Shading Mode"},"sceneLighting":true,"audioPlay":false,"sceneViewState":{"showFog":false,"showMaterialUpdate":false,"showSkybox":false,"showFlares":false,"showImageEffects":false,"showParticleSystems":false},"in2DMode":false,"pivot":{"x":148.59388732910157,"y":8.249137878417969,"z":458.76495361328127},"rotation":{"x":0.06445495039224625,"y":0.004490590654313564,"z":-0.00029003110830672085,"w":0.9979105591773987},"size":569.0656127929688,"orthographic":false}