{"cameraMode":{"drawMode":0,"name":"Shaded","section":"Shading Mode"},"sceneLighting":false,"audioPlay":false,"sceneViewState":{"showFog":false,"showMaterialUpdate":false,"showSkybox":false,"showFlares":false,"showImageEffects":false,"showParticleSystems":false},"in2DMode":false,"pivot":{"x":40.54673767089844,"y":38.962684631347659,"z":117.930419921875},"rotation":{"x":0.23498918116092683,"y":-0.028277520090341569,"z":0.006839420646429062,"w":0.9715625643730164},"size":272.3423767089844,"orthographic":false}