{"cameraMode":{"drawMode":0,"name":"Shaded","section":"Shading Mode"},"sceneLighting":true,"audioPlay":false,"sceneViewState":{"showFog":false,"showMaterialUpdate":false,"showSkybox":false,"showFlares":false,"showImageEffects":false,"showParticleSystems":false},"in2DMode":false,"pivot":{"x":185.74705505371095,"y":42.3635368347168,"z":122.9485855102539},"rotation":{"x":0.004498628433793783,"y":-0.012906424701213837,"z":-0.00005633295586449094,"w":-0.999906599521637},"size":184.1019744873047,"orthographic":true}