{"cameraMode":{"drawMode":0,"name":"Shaded","section":"Shading Mode"},"sceneLighting":true,"audioPlay":false,"sceneViewState":{"showFog":false,"showMaterialUpdate":false,"showSkybox":false,"showFlares":false,"showImageEffects":false,"showParticleSystems":false},"in2DMode":false,"pivot":{"x":157.75390625,"y":53.96875,"z":101.298583984375},"rotation":{"x":-0.0011859043734148145,"y":-0.0009041690500453115,"z":0.00004291386721888557,"w":-0.999998927116394},"size":262.5921936035156,"orthographic":true}