{"cameraMode":{"drawMode":0,"name":"Shaded","section":"Shading Mode"},"sceneLighting":true,"audioPlay":false,"sceneViewState":{"showFog":false,"showMaterialUpdate":false,"showSkybox":false,"showFlares":false,"showImageEffects":false,"showParticleSystems":false},"in2DMode":false,"pivot":{"x":131.3740234375,"y":82.45166015625,"z":5.65625},"rotation":{"x":0.0003133728459943086,"y":0.012594847939908505,"z":0.000044758413423551247,"w":-0.999920666217804},"size":181.55447387695313,"orthographic":true}